Campaign,Ad group,Final URL,Path 1,Path 2,Headline 1,Headline 2,Headline 3,Headline 4,Headline 5,Headline 6,Headline 7,Headline 8,Headline 9,Headline 10,Headline 11,Headline 12,Headline 13,Headline 14,Headline 15,Description 1,Description 2,Description 3,Description 4
SC | Solar e GD,Projeto solar e homologação,https://servicos.sousacosta.com.br/servicos/projeto-de-energia-solar/,projeto,solar,Projeto Solar e Homologação,Projeto Solar em Natal/RN,ART e Projeto Elétrico,Homologação da Sua Usina,Solicitação de Acesso,Engenheiro Responsável,Consultor Autorizado,12+ Anos de Energia no RN,Da Papelada à Vistoria,Orçamento pelo WhatsApp,Atendemos Todo o RN,~4 MWp Já Implantados,,,,"Projeto elétrico, ART e solicitação de acesso até a homologação da usina.",Cuidamos da documentação e das exigências. Você acompanha pelo WhatsApp.,Usina instalada e sem homologar? Corrigimos e reapresentamos o processo.,Consultor autorizado com 12 anos de energia no RN. Orçamento sem compromisso.
SC | Solar e GD,Rateio e créditos,https://servicos.sousacosta.com.br/servicos/alteracao-de-rateio/,rateio,creditos,Alteração de Rateio,Seus Créditos no Lugar Certo,Crédito Sobrando na UC?,Rateio de Energia Solar,Crédito Vence em 60 Meses,Redistribuímos Seus Créditos,Consultor Autorizado,Protocolo e Acompanhamento,Análise da Sua Fatura,Fale no WhatsApp Agora,Atendemos Todo o RN,,,,,Crédito sobrando numa unidade e faltando em outra? Ajustamos o rateio.,"Análise do saldo, novo cálculo e protocolo. Acompanhamos até sair na fatura.",Crédito de energia vence em 60 meses. Não deixe expirar sem abater conta.,Consultor autorizado. Mande suas faturas e receba o diagnóstico sem custo.
SC | Solar e GD,Múltiplas unidades e EMUC,https://servicos.sousacosta.com.br/servicos/multiplas-unidades-consumidoras/,emuc,condominio,Energia Solar em Condomínio,Projeto EMUC,Múltiplas Unidades,Geração Compartilhada,"Uma Usina, Várias Contas",Rateio Entre as Unidades,Consultor Autorizado,Projeto e Documentação,Atendemos Todo o RN,Fale no WhatsApp,,,,,,"Uma usina dividindo créditos entre várias unidades, com rateio regularizado.","Estruturamos EMUC e geração compartilhada: enquadramento, projeto e protocolo.","Condomínio, consórcio ou grupo de empresas: avaliamos qual modalidade se aplica.","Consultor autorizado, 12 anos de energia no RN. Fale conosco no WhatsApp."
SC | Ligação e Projetos,Ligação nova e padrão de entrada,https://servicos.sousacosta.com.br/servicos/projeto-unidade-baixa-tensao/,ligacao,padrao,Projeto de Padrão de Entrada,Ligação Nova de Energia,Padrão de Entrada em Natal,Projeto Elétrico com ART,Padrão Reprovado? Resolvemos,Ligação Definitiva ou Obra,Engenheiro Responsável,Protocolo e Vistoria,Atendemos Todo o RN,Orçamento no WhatsApp,,,,,,"Projeto de entrada dentro da norma, com ART e protocolo até a energização.","Padrão reprovado na inspeção? Diagnosticamos, corrigimos e reapresentamos.","Dimensionamos disjuntor, ramal e aterramento para não reprovar na vistoria.",Consultor autorizado com 12 anos de energia no RN. Fale pelo WhatsApp.
SC | Ligação e Projetos,Aumento de carga e trifásico,https://servicos.sousacosta.com.br/servicos/alteracao-de-carga-baixa-tensao/,aumento,carga,Aumento de Carga,Trocar para Trifásico,Disjuntor Vive Desarmando?,Alteração de Carga,Projeto e Adequação,Carregador de Carro Elétrico,Engenheiro Responsável,Protocolo e Acompanhamento,Atendemos Todo o RN,Fale no WhatsApp,,,,,,"Aumento ou redução de carga: novo dimensionamento, padrão e protocolo.",Disjuntor desarmando? Verificamos a causa antes de pedir aumento de carga.,"Mono, bi ou trifásico: a decisão é técnica e muda o mínimo faturado por mês.",Vai instalar carregador de carro elétrico? Avaliamos a carga necessária.
SC | Ligação e Projetos,Prédios e múltiplas UCs,https://servicos.sousacosta.com.br/servicos/projeto-multiplas-unidades-baixa-tensao/,predio,medicao,Projeto Elétrico Predial,Entrada de Prédio,Centro de Medição,Múltiplas Unidades,Individualizar Medição,Projeto para Condomínio,Engenheiro Responsável,Da Planta à Energização,Atendemos Todo o RN,Fale no WhatsApp,,,,,,"Entrada coletiva de prédios: centro de medição, prumada e UC da área comum.","Dimensionamento com fator de demanda, para não superdimensionar a obra.","Construtora ou condomínio: projeto, ART e protocolo até liberar as medições.",Consultor autorizado com 12 anos de energia no RN. Orçamento pelo WhatsApp.
SC | Conta e Tarifa,Conta alta e revisão de fatura,https://servicos.sousacosta.com.br/servicos/consultoria-de-faturamento/,revisao,fatura,Revisão de Conta de Luz,Conta de Energia Alta?,Auditoria da Sua Fatura,Cobrança Indevida?,Recupere o Que Pagou a Mais,Análise de 12 Meses,Consultor Autorizado,Contestação com Cálculo,Atendemos Todo o RN,Fale no WhatsApp,,,,,,Auditamos 12 meses de faturas e identificamos cobrança indevida.,Conta alta sem explicação? Achamos onde está o erro e contestamos.,Valores cobrados a mais podem ser devolvidos. Fazemos o memorial de cálculo.,Mande suas faturas pelo WhatsApp e receba o diagnóstico sem compromisso.
SC | Conta e Tarifa,Demanda e modalidade tarifária,https://servicos.sousacosta.com.br/servicos/alteracao-de-demanda/,demanda,tarifa,Alteração de Demanda,Paga Ultrapassagem Todo Mês?,Demanda Contratada Ideal,Modalidade Tarifária,Verde ou Azul?,Estudo com 12 Meses Reais,Reduza a Conta da Empresa,Consultor Autorizado,Atendemos Todo o RN,Fale no WhatsApp,,,,,,Demanda alta demais é dinheiro parado; baixa demais é multa. Calculamos a ideal.,"Estudo com 12 meses de medição real, não estimativa. Você vê o número.","Grupo A: analisamos demanda, ultrapassagem, reativo e modalidade tarifária.",Instalou solar e não revisou o contrato? Costuma sobrar demanda paga sem uso.
SC | Conta e Tarifa,Titularidade e cadastro,https://servicos.sousacosta.com.br/servicos/alteracao-de-titularidade/,titular,cadastro,Troca de Titular da Conta,Alteração de Titularidade,Mudar Nome da Conta de Luz,Dados Cadastrais,Classe Errada na Fatura?,Tarifa Rural,Comprou ou Vendeu Imóvel?,Consultor Autorizado,Atendemos Todo o RN,Fale no WhatsApp,,,,,,Troca de titular sem perder crédito acumulado nem travar em débito antigo.,"Conferimos débitos e pendências antes de protocolar, para não ter surpresa.",Propriedade rural faturada como comercial? Corrigimos a classe e pedimos revisão.,"Compra, venda, herança ou locação: montamos a documentação exigida."
